ID,Total Length (bp)
120807.0,33508916.0
72520.0,27589342.0
145522.0,29264788.0
112949.66666666667,30121015.333333332
,90363046.0
