ID,Total Length (bp)
1497871.0,98294111.0
303371.0,158345074.0
243652.0,204248023.0
2977.0,191659160.0
73019.0,293300872.0
2991669.0,182064201.0
852093.1666666666,187985240.16666666
,1127911441.0
