Sequence type,Avg num reads,Avg % euk bps/reads,Avg num euk reads
Metagenomes,42116990.333333336,0.108481232781144,4568903.032391525
