Sequence type,"Avg num bps, reads, or ORFs","Avg % euk bps, reads, or ORFs","Avg num euk bps, reads, or ORFs","Avg num prok bps, reads, or ORFs",Total percentage
Metagenome reads,42116990.333333336,0.108481232781144,4568903.032391525,37548087.30094181,1.0
Metagenome assemblies,6701421.944206009,0.1331311996782914,621393.4806866953,6080028.463519313,1.0
18S,60782.84444444445,1.0,60782.84444444445,0.0,1.0
COI,63580.56,1.0,63580.56,0.0,1.0
