ID,Total Length (bp)
309737.0,169730751.0
49266.0,1514175222.0
169782.0,93119657.0
35122.0,409091383.0
105409.0,35808076.0
309362.0,95683865.0
88149.0,543425876.0
2880.0,195810619.0
117523.0,467661201.0
74381.0,634119850.0
416828.0,271995378.0
309358.0,328192401.0
309354.0,201002244.0
176703.92307692306,381524347.9230769
,4959816523.0
