ID,Total Length (bp)
2006545.0,43033321.0
192875.0,27398043.0
2006546.0,47062497.0
1401988.6666666667,39164620.333333336
,117493861.0
