ID,Total Length (bp)
42746.0,52248569.0
33653.0,35335825.0
2172886.0,59569284.0
2604071.0,38800443.0
12968.0,18817245.0
87106.0,39505394.0
42467.0,35103932.0
2315210.0,38943350.0
357350.0,44620845.0
852050.7777777778,40327209.666666664
,362944887.0
