ID,Total Length (bp)
641309.0,683589.0
1928728.0,967831042.0
227086.0,372870.0
932374.3333333334,322962500.3333333
,968887501.0
