ID,Total Length (bp)
2663170.0,14514068.0
67896.0,573890644.0
2589382.0,783752486.0
95170.0,304400989.0
10212.0,214708255.0
192920.0,233351728.0
558755.0,605609322.0
2663164.0,74423554.0
2663172.0,683059872.0
1278204.5555555555,387523435.3333333
,3487710918.0
