ID,Total Length (bp)
749231.0,84188109.0
470921.0,44807953.0
1618205.0,125635304.0
39843.0,88079120.0
72019.0,115141747.0
749232.0,101553977.0
616575.1666666666,93234368.33333333
,559406210.0
