ID,Total Length (bp)
5755.0,46714639.0
29196.0,66025675.0
146752.0,66428449.0
66527.0,67656513.0
196912.0,106836370.0
61605.0,99417109.0
65662.0,115614128.0
202919.0,84769362.0
28015.0,103482825.0
32600.0,79544075.0
32599.0,75821316.0
65659.0,86214659.0
43142.0,55543795.0
5757.0,49353662.0
211522.0,83589038.0
313997.0,50552767.0
180228.0,34386983.0
65661.0,75318243.0
65658.0,83432518.0
95798.21052631579,75300111.89473684
,1430702126.0
