ID,Total Length (bp)
492055.0,326042390.0
115415.0,498443662.0
492056.0,425364260.0
366508.6666666667,416616770.6666667
,1249850312.0
